0,0
0.01,0.950771
0.02,1.88232
0.03,2.79635
0.045,4.13788
0.0675,6.09257
0.10125,8.91948
0.151875,12.9849
0.227812,18.8242
0.341719,27.2438
0.512578,39.4429
0.768867,57.1111
1.1533,82.5018
1.72995,118.536
2.59493,168.881
3.59493,222.605
4.59493,272.282
5.59493,318.399
6.59493,361.309
7.59493,401.296
8.59493,438.607
9.59493,473.46
10.5949,472.513
11.5949,451.693
12.5949,434.777
13.5949,419.806
14.5949,406.232
15.5949,393.79
16.5949,382.324
17.5949,371.727
18.5949,361.911
19.5949,352.801
20.5949,344.334
21.5949,336.448
22.5949,329.091
23.5949,322.215
24.5949,315.776
25.5949,309.735
26.5949,304.057
27.5949,298.708
28.5949,293.66
29.5949,288.886
30.5949,284.362
31.5949,280.066
32.5949,275.98
33.5949,272.084
34.5949,268.362
35.5949,264.801
36.5949,261.386
37.5949,258.106
38.5949,254.95
39.5949,251.907
40.5949,248.969
41.5949,246.128
42.5949,243.376
43.5949,240.707
44.5949,238.114
45.5949,235.593
46.5949,233.137
47.5949,230.742
48.5949,228.405
49.5949,226.121
50.5949,223.888
51.5949,221.701
52.5949,219.558
53.5949,217.457
54.5949,215.395
55.5949,213.37
56.5949,211.38
57.5949,209.423
58.5949,207.498
59.5949,205.602
60.5949,203.736
61.5949,201.897
62.5949,200.085
63.5949,198.297
64.5949,196.534
65.5949,194.795
66.5949,193.078
67.5949,191.383
68.5949,189.709
69.5949,188.056
70.5949,186.422
71.5949,184.808
72.5949,183.213
73.5949,181.636
74.5949,180.077
75.5949,178.536
76.5949,177.011
77.5949,175.504
78.5949,174.012
79.5949,172.537
80.5949,171.078
81.5949,169.634
82.5949,168.206
83.5949,166.792
84.5949,165.393
85.5949,164.008
86.5949,162.638
87.5949,161.282
88.5949,159.939
89.5949,158.611
90.5949,157.295
91.5949,155.993
92.5949,154.704
93.5949,153.428
94.5949,152.165
95.5949,150.915
96.5949,149.676
97.5949,148.45
98.5949,147.237
99.5949,146.035
100.595,144.845
101.595,143.667
102.595,142.5
103.595,141.345
104.595,140.201
105.595,139.069
106.595,137.947
107.595,136.837
108.595,135.737
109.595,134.649
110.595,133.57
111.595,132.503
112.595,131.445
113.595,130.398
114.595,129.362
115.595,128.335
116.595,127.318
117.595,126.311
118.595,125.314
119.595,124.327
120.595,123.349
121.595,122.381
122.595,121.422
123.595,120.472
124.595,119.532
125.595,118.6
126.595,117.678
127.595,116.765
128.595,115.86
129.595,114.965
130.595,114.077
131.595,113.199
132.595,112.329
133.595,111.467
134.595,110.614
135.595,109.769
136.595,108.932
137.595,108.103
138.595,107.282
139.595,106.469
140.595,105.664
141.595,104.867
142.595,104.077
143.595,103.295
144.595,102.52
145.595,101.753
146.595,100.994
147.595,100.241
148.595,99.496
149.595,98.758
150.595,98.0271
151.595,97.3032
152.595,96.5863
153.595,95.8762
154.595,95.173
155.595,94.4765
156.595,93.7867
157.595,93.1035
158.595,92.4269
159.595,91.7567
160.595,91.093
161.595,90.4357
162.595,89.7846
163.595,89.1397
164.595,88.5011
165.595,87.8685
166.595,87.242
167.595,86.6215
168.595,86.0069
169.595,85.3982
170.595,84.7953
171.595,84.1982
172.595,83.6068
173.595,83.021
174.595,82.4408
175.595,81.8661
176.595,81.2969
177.595,80.7331
178.595,80.1747
179.595,79.6217
180.595,79.0739
181.595,78.5313
182.595,77.9938
183.595,77.4615
184.595,76.9342
185.595,76.412
186.595,75.8947
187.595,75.3823
188.595,74.8748
189.595,74.3721
190.595,73.8741
191.595,73.3809
192.595,72.8924
193.595,72.4085
194.595,71.9291
195.595,71.4544
196.595,70.9841
197.595,70.5182
198.595,70.0568
199.595,69.5997
200.595,69.1469
201.595,68.6984
202.595,68.2542
203.595,67.8141
204.595,67.3782
205.595,66.9464
206.595,66.5186
207.595,66.0949
208.595,65.6752
209.595,65.2594
210.595,64.8476
211.595,64.4396
212.595,64.0354
213.595,63.6351
214.595,63.2385
215.595,62.8456
216.595,62.4564
217.595,62.0709
218.595,61.689
219.595,61.3106
220.595,60.9358
221.595,60.5645
222.595,60.1967
223.595,59.8323
224.595,59.4713
225.595,59.1137
226.595,58.7594
227.595,58.4084
228.595,58.0607
229.595,57.7162
230.595,57.375
231.595,57.0369
232.595,56.702
233.595,56.3702
234.595,56.0414
235.595,55.7157
236.595,55.3931
237.595,55.0734
238.595,54.7567
239.595,54.4429
240.595,54.1321
241.595,53.8241
242.595,53.519
243.595,53.2167
244.595,52.9171
245.595,52.6204
246.595,52.3264
247.595,52.0351
248.595,51.7464
249.595,51.4605
250.595,51.1772
251.595,50.8964
252.595,50.6183
253.595,50.3427
254.595,50.0697
255.595,49.7991
256.595,49.531
257.595,49.2654
258.595,49.0022
259.595,48.7415
260.595,48.4831
261.595,48.2271
262.595,47.9734
263.595,47.722
264.595,47.4729
265.595,47.2261
266.595,46.9816
267.595,46.7392
268.595,46.4991
269.595,46.2611
270.595,46.0253
271.595,45.7917
272.595,45.5602
273.595,45.3307
274.595,45.1034
275.595,44.8781
276.595,44.6548
277.595,44.4336
278.595,44.2143
279.595,43.997
280.595,43.7817
281.595,43.5683
282.595,43.3569
283.595,43.1473
284.595,42.9396
285.595,42.7338
286.595,42.5299
287.595,42.3277
288.595,42.1274
289.595,41.9289
290.595,41.7321
291.595,41.5371
292.595,41.3438
293.595,41.1523
294.595,40.9624
295.595,40.7743
296.595,40.5878
297.595,40.403
298.595,40.2198
299.595,40.0382
300.595,75.5374
301.595,129.956
302.595,178.25
303.595,222.569
304.595,263.625
305.595,301.83
306.595,337.472
307.595,370.78
308.595,401.95
309.595,431.157
310.595,430.299
311.595,412.708
312.595,398.397
313.595,385.716
314.595,374.208
315.595,363.648
316.595,353.908
317.595,344.897
318.595,336.54
319.595,328.777
320.595,321.552
321.595,314.815
322.595,308.523
323.595,302.634
324.595,297.112
325.595,291.924
326.595,287.041
327.595,282.435
328.595,278.082
329.595,273.96
330.595,270.048
331.595,266.328
332.595,262.783
333.595,259.4
334.595,256.164
335.595,253.062
336.595,250.085
337.595,247.221
338.595,244.462
339.595,241.798
340.595,239.224
341.595,236.732
342.595,234.315
343.595,231.968
344.595,229.686
345.595,227.465
346.595,225.299
347.595,223.186
348.595,221.122
349.595,219.103
350.595,217.127
351.595,215.191
352.595,213.293
353.595,211.431
354.595,209.602
355.595,207.805
356.595,206.038
357.595,204.3
358.595,202.589
359.595,200.904
360.595,199.244
361.595,197.608
362.595,195.995
363.595,194.403
364.595,192.833
365.595,191.283
366.595,189.753
367.595,188.242
368.595,186.749
369.595,185.274
370.595,183.817
371.595,182.377
372.595,180.953
373.595,179.545
374.595,178.153
375.595,176.776
376.595,175.414
377.595,174.067
378.595,172.735
379.595,171.416
380.595,170.111
381.595,168.82
382.595,167.543
383.595,166.278
384.595,165.027
385.595,163.788
386.595,162.562
387.595,161.348
388.595,160.147
389.595,158.957
390.595,157.78
391.595,156.614
392.595,155.459
393.595,154.316
394.595,153.184
395.595,152.064
396.595,150.954
397.595,149.855
398.595,148.767
399.595,147.69
400.595,146.623
401.595,145.566
402.595,144.52
403.595,143.484
404.595,142.458
405.595,141.442
406.595,140.435
407.595,139.438
408.595,138.451
409.595,137.474
410.595,136.506
411.595,135.547
412.595,134.597
413.595,133.656
414.595,132.725
415.595,131.802
416.595,130.888
417.595,129.983
418.595,129.087
419.595,128.199
420.595,127.32
421.595,126.449
422.595,125.586
423.595,124.732
424.595,123.885
425.595,123.047
426.595,122.217
427.595,121.394
428.595,120.58
429.595,119.773
430.595,118.974
431.595,118.182
432.595,117.398
433.595,116.622
434.595,115.852
435.595,115.09
436.595,114.336
437.595,113.588
438.595,112.847
439.595,112.114
440.595,111.387
441.595,110.668
442.595,109.955
443.595,109.248
444.595,108.549
445.595,107.856
446.595,107.17
447.595,106.49
448.595,105.816
449.595,105.149
450.595,104.488
451.595,103.833
452.595,103.185
453.595,102.542
454.595,101.906
455.595,101.276
456.595,100.651
457.595,100.032
458.595,99.4196
459.595,98.8125
460.595,98.211
461.595,97.6152
462.595,97.025
463.595,96.4403
464.595,95.8611
465.595,95.2872
466.595,94.7188
467.595,94.1556
468.595,93.5977
469.595,93.045
470.595,92.4974
471.595,91.9549
472.595,91.4175
473.595,90.8851
474.595,90.3576
475.595,89.835
476.595,89.3173
477.595,88.8044
478.595,88.2962
479.595,87.7928
480.595,87.294
481.595,86.7998
482.595,86.3102
483.595,85.8252
484.595,85.3446
485.595,84.8684
486.595,84.3967
487.595,83.9293
488.595,83.4662
489.595,83.0074
490.595,82.5528
491.595,82.1024
492.595,81.6561
493.595,81.2139
494.595,80.7758
495.595,80.3417
496.595,79.9116
497.595,79.4854
498.595,79.0631
499.595,78.6448
500.595,78.2302
501.595,77.8194
502.595,77.4124
503.595,77.009
504.595,76.6094
505.595,76.2134
506.595,75.821
507.595,75.4322
508.595,75.0469
509.595,74.6651
510.595,74.2868
511.595,73.9119
512.595,73.5404
513.595,73.1723
514.595,72.8075
515.595,72.4461
516.595,72.0878
517.595,71.7329
518.595,71.3811
519.595,71.0325
520.595,70.687
521.595,70.3447
522.595,70.0054
523.595,69.6692
524.595,69.336
525.595,69.0057
526.595,68.6785
527.595,68.3542
528.595,68.0327
529.595,67.7142
530.595,67.3985
531.595,67.0856
532.595,66.7755
533.595,66.4682
534.595,66.1636
535.595,65.8617
536.595,65.5625
537.595,65.266
538.595,64.9721
539.595,64.6808
540.595,64.392
541.595,64.1059
542.595,63.8222
543.595,63.5411
544.595,63.2624
545.595,62.9862
546.595,62.7124
547.595,62.4411
548.595,62.1721
549.595,61.9055
550.595,61.6412
551.595,61.3792
552.595,61.1195
553.595,60.8621
554.595,60.607
555.595,60.354
556.595,60.1033
557.595,59.8548
558.595,59.6084
559.595,59.3641
560.595,59.122
561.595,58.882
562.595,58.644
563.595,58.4081
564.595,58.1742
565.595,57.9424
566.595,57.7126
567.595,57.4847
568.595,57.2588
569.595,57.0348
570.595,56.8128
571.595,56.5926
572.595,56.3744
573.595,56.158
574.595,55.9434
575.595,55.7307
576.595,55.5198
577.595,55.3107
578.595,55.1033
579.595,54.8977
580.595,54.6939
581.595,54.4918
582.595,54.2914
583.595,54.0927
584.595,53.8956
585.595,53.7002
586.595,53.5065
587.595,53.3144
588.595,53.1239
589.595,52.9349
590.595,52.7476
591.595,52.5618
592.595,52.3776
593.595,52.1949
594.595,52.0138
595.595,51.8341
596.595,51.6559
597.595,51.4792
598.595,51.304
599.595,51.1302
600.595,80.9032
601.595,126.646
602.595,167.344
603.595,204.789
604.595,239.571
605.595,272.025
606.595,302.386
607.595,330.839
608.595,357.541
609.595,382.633
610.595,381.996
611.595,367.002
612.595,354.805
613.595,343.998
614.595,334.188
615.595,325.186
616.595,316.883
617.595,309.198
618.595,302.072
619.595,295.451
620.595,289.288
621.595,283.54
622.595,278.171
623.595,273.145
624.595,268.431
625.595,264.003
626.595,259.833
627.595,255.899
628.595,252.18
629.595,248.657
630.595,245.314
631.595,242.134
632.595,239.103
633.595,236.21
634.595,233.441
635.595,230.788
636.595,228.24
637.595,225.788
638.595,223.426
639.595,221.145
640.595,218.94
641.595,216.805
642.595,214.734
643.595,212.722
644.595,210.766
645.595,208.862
646.595,207.005
647.595,205.192
648.595,203.421
649.595,201.689
650.595,199.994
651.595,198.332
652.595,196.703
653.595,195.104
654.595,193.534
655.595,191.99
656.595,190.473
657.595,188.979
658.595,187.509
659.595,186.062
660.595,184.635
661.595,183.229
662.595,181.842
663.595,180.474
664.595,179.123
665.595,177.791
666.595,176.475
667.595,175.175
668.595,173.891
669.595,172.622
670.595,171.368
671.595,170.128
672.595,168.903
673.595,167.691
674.595,166.493
675.595,165.308
676.595,164.135
677.595,162.975
678.595,161.828
679.595,160.692
680.595,159.569
681.595,158.456
682.595,157.356
683.595,156.266
684.595,155.188
685.595,154.12
686.595,153.064
687.595,152.017
688.595,150.981
689.595,149.956
690.595,148.94
691.595,147.935
692.595,146.939
693.595,145.954
694.595,144.977
695.595,144.01
696.595,143.053
697.595,142.105
698.595,141.166
699.595,140.236
700.595,139.315
701.595,138.403
702.595,137.5
703.595,136.605
704.595,135.719
705.595,134.841
706.595,133.972
707.595,133.111
708.595,132.258
709.595,131.413
710.595,130.576
711.595,129.747
712.595,128.926
713.595,128.113
714.595,127.308
715.595,126.51
716.595,125.72
717.595,124.937
718.595,124.161
719.595,123.393
720.595,122.632
721.595,121.878
722.595,121.132
723.595,120.392
724.595,119.659
725.595,118.934
726.595,118.214
727.595,117.502
728.595,116.797
729.595,116.098
730.595,115.405
731.595,114.719
732.595,114.04
733.595,113.366
734.595,112.699
735.595,112.039
736.595,111.384
737.595,110.736
738.595,110.093
739.595,109.457
740.595,108.826
741.595,108.201
742.595,107.583
743.595,106.969
744.595,106.362
745.595,105.76
746.595,105.164
747.595,104.573
748.595,103.988
749.595,103.408
750.595,102.834
751.595,102.265
752.595,101.701
753.595,101.142
754.595,100.589
755.595,100.04
756.595,99.4967
757.595,98.9583
758.595,98.4249
759.595,97.8964
760.595,97.3727
761.595,96.8538
762.595,96.3397
763.595,95.8303
764.595,95.3256
765.595,94.8255
766.595,94.33
767.595,93.839
768.595,93.3524
769.595,92.8704
770.595,92.3927
771.595,91.9193
772.595,91.4503
773.595,90.9856
774.595,90.5251
775.595,90.0687
776.595,89.6166
777.595,89.1685
778.595,88.7245
779.595,88.2845
780.595,87.8484
781.595,87.4164
782.595,86.9882
783.595,86.5639
784.595,86.1435
785.595,85.7268
786.595,85.3139
787.595,84.9047
788.595,84.4991
789.595,84.0973
790.595,83.699
791.595,83.3043
792.595,82.9132
793.595,82.5255
794.595,82.1413
795.595,81.7606
796.595,81.3833
797.595,81.0093
798.595,80.6386
799.595,80.2713
800.595,79.9073
801.595,79.5464
802.595,79.1888
803.595,78.8344
804.595,78.4831
805.595,78.1349
806.595,77.7898
807.595,77.4477
808.595,77.1087
809.595,76.7727
810.595,76.4396
811.595,76.1095
812.595,75.7822
813.595,75.4579
814.595,75.1364
815.595,74.8177
816.595,74.5018
817.595,74.1887
818.595,73.8783
819.595,73.5707
820.595,73.2657
821.595,72.9633
822.595,72.6637
823.595,72.3666
824.595,72.0721
825.595,71.7801
826.595,71.4907
827.595,71.2038
828.595,70.9194
829.595,70.6375
830.595,70.3579
831.595,70.0808
832.595,69.8061
833.595,69.5337
834.595,69.2637
835.595,68.996
836.595,68.7306
837.595,68.4674
838.595,68.2066
839.595,67.9479
840.595,67.6915
841.595,67.4372
842.595,67.1851
843.595,66.9351
844.595,66.6873
845.595,66.4416
846.595,66.1979
847.595,65.9563
848.595,65.7168
849.595,65.4792
850.595,65.2437
851.595,65.0102
852.595,64.7786
853.595,64.5489
854.595,64.3212
855.595,64.0954
856.595,63.8715
857.595,63.6494
858.595,63.4292
859.595,63.2108
860.595,62.9943
861.595,62.7795
862.595,62.5665
863.595,62.3553
864.595,62.1459
865.595,61.9381
866.595,61.7321
867.595,61.5277
868.595,61.3251
869.595,61.1241
870.595,60.9247
871.595,60.727
872.595,60.5309
873.595,60.3364
874.595,60.1434
875.595,59.9521
876.595,59.7622
877.595,59.574
878.595,59.3872
879.595,59.202
880.595,59.0182
881.595,58.836
882.595,58.6552
883.595,58.4758
884.595,58.2979
885.595,58.1214
886.595,57.9463
887.595,57.7726
888.595,57.6003
889.595,57.4293
890.595,57.2597
891.595,57.0915
892.595,56.9245
893.595,56.7589
894.595,56.5946
895.595,56.4316
896.595,56.2699
897.595,56.1094
898.595,55.9502
899.595,55.7922
900,55.7286
