time_s,temperature_K,prescribed_history,reference_strain,reference_end_displacement_mm,reference_stress_MPa,instantaneous_no_state_stress_MPa
0.0,323.0,0.0,0.0,0.0,0.0,0.0
0.1,323.0,0.4,0.0004049789099415459,0.004049789099415459,0.4,0.4049789099415459
0.2,323.0,0.8,0.0008197104237325273,0.008197104237325274,0.8,0.8197104237325273
0.30000000000000004,323.0,1.2000000000000002,0.0012439537611102249,0.01243953761110225,1.2000000000000002,1.243953761110225
0.4,323.0,1.6,0.0016774740863920343,0.016774740863920345,1.6,1.6774740863920343
0.5,323.0,2.0,0.002120042361710809,0.02120042361710809,2.0,2.1200423617108086
0.6000000000000001,323.0,2.4000000000000004,0.0025714352038736493,0.025714352038736493,2.4000000000000004,2.571435203873649
0.7000000000000001,323.0,2.8000000000000003,0.0030314347447546785,0.030314347447546783,2.8000000000000003,3.0314347447546783
0.8,323.0,3.2,0.0034998284951345535,0.034998284951345535,3.2,3.4998284951345537
0.9,323.0,3.6,0.003976409211901626,0.039764092119016256,3.6,3.976409211901626
1.0,323.0,4.0,0.004460974768531735,0.04460974768531735,4.0,4.460974768531735
1.1,323.0,4.4,0.004953328028765716,0.04953328028765716,4.4,4.953328028765716
1.2000000000000002,323.0,4.800000000000001,0.005453276723405654,0.05453276723405654,4.800000000000001,5.453276723405654
1.3,323.0,5.2,0.005960633330152892,0.05960633330152892,5.2,5.960633330152892
1.4000000000000001,323.0,5.6000000000000005,0.006475214956412698,0.06475214956412698,5.6000000000000005,6.475214956412698
1.5,323.0,6.0,0.006996843224992353,0.06996843224992352,6.0,6.996843224992353
1.6,323.0,6.4,0.007525344162621203,0.07525344162621203,6.4,7.525344162621202
1.7000000000000002,323.0,6.800000000000001,0.008060548091223033,0.08060548091223033,6.800000000000001,8.060548091223033
1.8,323.0,7.2,0.008602289521872796,0.08602289521872795,7.2,8.602289521872796
1.9000000000000001,323.0,7.6000000000000005,0.009150407051371412,0.09150407051371412,7.6000000000000005,9.150407051371412
2.0,323.0,8.0,0.009704743261374032,0.09704743261374033,8.0,9.704743261374032
2.1,323.0,8.0,0.009860165710067148,0.09860165710067148,8.0,9.860165710067148
2.2,323.0,8.0,0.010011750962191368,0.10011750962191368,8.0,10.011750962191368
2.3000000000000003,323.0,8.0,0.01015959375359491,0.1015959375359491,8.0,10.15959375359491
2.4000000000000004,323.0,8.0,0.010303786481209855,0.10303786481209856,8.0,10.303786481209855
2.5,323.0,8.0,0.010444419260797241,0.10444419260797241,8.0,10.444419260797241
2.6,323.0,8.0,0.010581579983266469,0.10581579983266469,8.0,10.581579983266469
2.7,323.0,8.0,0.010715354369604259,0.10715354369604259,8.0,10.715354369604258
2.8000000000000003,323.0,8.0,0.01084582602444748,0.1084582602444748,8.0,10.84582602444748
2.9000000000000004,323.0,8.0,0.010973076488333336,0.10973076488333336,8.0,10.973076488333335
3.0,323.0,8.0,0.011097185288659526,0.11097185288659525,8.0,11.097185288659526
3.1,323.0,8.0,0.011218229989386297,0.11218229989386297,8.0,11.218229989386296
3.2,323.0,8.0,0.011336286239511386,0.11336286239511385,8.0,11.336286239511386
3.3000000000000003,323.0,8.0,0.011451427820348187,0.11451427820348187,8.0,11.451427820348187
3.4000000000000004,323.0,8.0,0.011563726691636664,0.11563726691636664,8.0,11.563726691636665
3.5,323.0,8.0,0.011673253036515846,0.11673253036515846,8.0,11.673253036515845
3.6,323.0,8.0,0.011780075305386009,0.11780075305386009,8.0,11.78007530538601
3.7,323.0,8.0,0.011884260258687947,0.11884260258687947,8.0,11.884260258687947
3.8000000000000003,323.0,8.0,0.01198587300862607,0.11985873008626069,8.0,11.98587300862607
3.9000000000000004,323.0,8.0,0.012084977059861422,0.12084977059861421,8.0,12.084977059861421
4.0,323.0,8.0,0.01218163434920001,0.1218163434920001,8.0,12.18163434920001
4.1000000000000005,323.0,8.0,0.012275905284301307,0.12275905284301307,8.0,12.275905284301306
4.2,323.0,8.0,0.012367848781431072,0.12367848781431072,8.0,12.367848781431071
4.3,323.0,8.0,0.012457522302282087,0.12457522302282087,8.0,12.457522302282086
4.4,323.0,8.0,0.012544981889885854,0.12544981889885853,8.0,12.544981889885854
4.5,323.0,8.0,0.012630282203637665,0.12630282203637666,8.0,12.630282203637666
4.6000000000000005,323.0,8.0,0.012713476553456943,0.12713476553456943,8.0,12.713476553456942
4.7,323.0,8.0,0.0127946169331042,0.127946169331042,8.0,12.7946169331042
4.800000000000001,323.0,8.0,0.012873754052675454,0.12873754052675454,8.0,12.873754052675453
4.9,323.0,8.0,0.012950937370294392,0.1295093737029439,8.0,12.950937370294392
5.0,323.0,8.0,0.013026215123022065,0.13026215123022067,8.0,13.026215123022066
5.1000000000000005,323.0,8.0,0.013099634357003512,0.13099634357003512,8.0,13.099634357003513
5.2,323.0,8.0,0.01317124095687005,0.1317124095687005,8.0,13.171240956870049
5.300000000000001,323.0,8.0,0.013241079674415668,0.13241079674415668,8.0,13.24107967441567
5.4,323.0,8.0,0.013309194156565465,0.13309194156565465,8.0,13.309194156565466
5.5,323.0,8.0,0.013375626972653537,0.13375626972653537,8.0,13.375626972653537
5.6000000000000005,323.0,8.0,0.013440419641027438,0.13440419641027437,8.0,13.440419641027438
5.7,323.0,8.0,0.013503612654995785,0.13503612654995784,8.0,13.503612654995784
5.800000000000001,323.0,8.0,0.013565245508135265,0.13565245508135265,8.0,13.565245508135265
5.9,323.0,8.0,0.013625356718972836,0.13625356718972836,8.0,13.625356718972837
6.0,323.0,8.0,0.013683983855058545,0.13683983855058546,8.0,13.683983855058544
6.1000000000000005,323.0,8.0,0.013741163556444029,0.13741163556444028,8.0,13.741163556444029
6.2,323.0,8.0,0.013796931558581357,0.13796931558581357,8.0,13.796931558581356
6.300000000000001,323.0,8.0,0.013851322714656517,0.13851322714656517,8.0,13.851322714656517
6.4,323.0,8.0,0.013904371017371532,0.1390437101737153,8.0,13.904371017371531
6.5,323.0,8.0,0.01395610962018878,0.1395610962018878,8.0,13.95610962018878
6.6000000000000005,323.0,8.0,0.014006570858050845,0.14006570858050846,8.0,14.006570858050845
6.7,323.0,8.0,0.014055786267588785,0.14055786267588785,8.0,14.055786267588784
6.800000000000001,323.0,8.0,0.014103786606831514,0.14103786606831514,8.0,14.103786606831514
6.9,323.0,8.0,0.01415060187442857,0.1415060187442857,8.0,14.15060187442857
7.0,323.0,8.0,0.014196261328398274,0.14196261328398274,8.0,14.196261328398274
7.1000000000000005,323.0,8.0,0.014240793504413067,0.14240793504413066,8.0,14.240793504413066
7.2,323.0,8.0,0.014284226233633358,0.14284226233633357,8.0,14.284226233633358
7.300000000000001,323.0,8.0,0.014326586660101098,0.14326586660101098,8.0,14.326586660101098
7.4,323.0,8.0,0.014367901257703927,0.14367901257703927,8.0,14.367901257703927
7.5,323.0,8.0,0.014408195846720479,0.14408195846720478,8.0,14.40819584672048
7.6000000000000005,323.0,8.0,0.01444749560995723,0.1444749560995723,8.0,14.44749560995723
7.7,323.0,8.0,0.014485825108486932,0.14485825108486933,8.0,14.485825108486932
7.800000000000001,323.0,8.0,0.014523208296998472,0.14523208296998472,8.0,14.523208296998472
7.9,323.0,8.0,0.014559668538767783,0.14559668538767784,8.0,14.559668538767783
8.0,323.0,8.0,0.014595228620259124,0.14595228620259124,8.0,14.595228620259123
8.1,323.0,8.0,0.014629910765365883,0.14629910765365883,8.0,14.629910765365883
8.200000000000001,323.0,8.0,0.014663736649299791,0.1466373664929979,8.0,14.663736649299791
8.3,323.0,8.0,0.014696727412137211,0.14696727412137212,8.0,14.69672741213721
8.4,323.0,8.0,0.014728903672031016,0.14728903672031016,8.0,14.728903672031016
8.5,323.0,8.0,0.014760285538096241,0.1476028553809624,8.0,14.760285538096241
8.6,323.0,8.0,0.014790892622977643,0.14790892622977644,8.0,14.790892622977644
8.700000000000001,323.0,8.0,0.014820744055106964,0.14820744055106966,8.0,14.820744055106964
8.8,323.0,8.0,0.01484985849065756,0.1484985849065756,8.0,14.84985849065756
8.9,323.0,8.0,0.014878254125203933,0.14878254125203932,8.0,14.878254125203933
9.0,323.0,8.0,0.014905948705093338,0.1490594870509334,8.0,14.905948705093339
9.1,323.0,8.0,0.014932959538536706,0.14932959538536705,8.0,14.932959538536705
9.200000000000001,323.0,8.0,0.014959303506425688,0.1495930350642569,8.0,14.959303506425687
9.3,323.0,8.0,0.014984997072882672,0.14984997072882672,8.0,14.984997072882672
9.4,323.0,8.0,0.015010056295550323,0.15010056295550323,8.0,15.010056295550323
9.5,323.0,8.0,0.015034496835627085,0.15034496835627084,8.0,15.034496835627085
9.600000000000001,323.0,8.0,0.01505833396765493,0.1505833396765493,8.0,15.05833396765493
9.700000000000001,323.0,8.0,0.015081582589065426,0.15081582589065426,8.0,15.081582589065427
9.8,323.0,8.0,0.01510425722949018,0.1510425722949018,8.0,15.10425722949018
9.9,323.0,8.0,0.015126372059841351,0.1512637205984135,8.0,15.126372059841351
10.0,323.0,8.0,0.015147940901168038,0.1514794090116804,8.0,15.147940901168038
10.1,323.0,8.0,0.015168977233293966,0.15168977233293965,8.0,15.168977233293965
10.2,323.0,8.0,0.015189494203241942,0.15189494203241943,8.0,15.189494203241942
10.299999999999999,323.0,8.0,0.015209504633450319,0.1520950463345032,8.0,15.209504633450319
10.399999999999999,323.0,8.0,0.015229021029786608,0.15229021029786607,8.0,15.229021029786608
10.5,323.0,8.0,0.015248055589363221,0.1524805558936322,8.0,15.248055589363222
10.6,323.0,8.0,0.015266620208160293,0.15266620208160292,8.0,15.266620208160292
10.7,323.0,8.0,0.015284726488460253,0.15284726488460254,8.0,15.284726488460253
10.799999999999999,323.0,8.0,0.015302385746098901,0.153023857460989,8.0,15.302385746098901
10.9,323.0,8.0,0.015319609017537423,0.15319609017537422,8.0,15.319609017537422
11.0,323.0,8.0,0.015336407066759816,0.15336407066759816,8.0,15.336407066759817
11.1,323.0,8.0,0.015352790392000042,0.15352790392000043,8.0,15.352790392000042
11.2,323.0,8.0,0.01536876923230307,0.1536876923230307,8.0,15.36876923230307
11.299999999999999,323.0,8.0,0.01538435357392395,0.1538435357392395,8.0,15.38435357392395
11.4,323.0,8.0,0.015399553156568897,0.15399553156568896,8.0,15.399553156568897
11.5,323.0,8.0,0.015414377479482292,0.1541437747948229,8.0,15.414377479482292
11.6,323.0,8.0,0.015428835807383396,0.15428835807383395,8.0,15.428835807383397
11.7,323.0,8.0,0.015442937176256508,0.15442937176256508,8.0,15.442937176256509
11.799999999999999,323.0,8.0,0.015456690398998144,0.15456690398998144,8.0,15.456690398998145
11.9,323.0,8.0,0.01547010407092483,0.1547010407092483,8.0,15.47010407092483
12.0,323.0,8.0,0.01548318657514488,0.1548318657514488,8.0,15.483186575144881
12.1,323.0,7.600000000000001,0.01509096717785603,0.1509096717785603,7.600000000000001,15.090967177856031
12.2,323.0,7.200000000000003,0.014688680159430454,0.14688680159430453,7.200000000000003,14.688680159430454
12.3,323.0,6.799999999999997,0.01427657407753537,0.1427657407753537,6.799999999999997,14.27657407753537
12.399999999999999,323.0,6.400000000000006,0.013854891353243002,0.13854891353243,6.400000000000006,13.854891353243001
12.5,323.0,6.0,0.013423868422535744,0.13423868422535745,6.0,13.423868422535744
12.6,323.0,5.600000000000001,0.012983735884071083,0.12983735884071085,5.600000000000001,12.983735884071084
12.7,323.0,5.200000000000003,0.012534718643298156,0.12534718643298157,5.200000000000003,12.534718643298156
12.8,323.0,4.799999999999997,0.01207703605301637,0.1207703605301637,4.799999999999997,12.07703605301637
12.899999999999999,323.0,4.400000000000006,0.011610902050463794,0.11610902050463794,4.400000000000006,11.610902050463794
13.0,323.0,4.0,0.011136525291020882,0.11136525291020882,4.0,11.136525291020883
13.1,323.0,3.6000000000000014,0.010654109278613402,0.10654109278613402,3.6000000000000014,10.6541092786134
13.2,323.0,3.200000000000003,0.010163852492895678,0.10163852492895678,3.200000000000003,10.163852492895678
13.3,323.0,2.799999999999997,0.009665948513293944,0.09665948513293944,2.799999999999997,9.665948513293944
13.399999999999999,323.0,2.4000000000000057,0.009160586139987228,0.09160586139987228,2.4000000000000057,9.16058613998723
13.5,323.0,2.0,0.008647949511901202,0.08647949511901203,2.0,8.647949511901203
13.6,323.0,1.6000000000000014,0.008128218221789166,0.08128218221789166,1.6000000000000014,8.128218221789167
13.7,323.0,1.2000000000000028,0.007601567428471555,0.07601567428471555,1.2000000000000028,7.601567428471555
13.8,323.0,0.7999999999999972,0.00706816796630454,0.0706816796630454,0.7999999999999972,7.06816796630454
13.899999999999999,323.0,0.4000000000000057,0.006528186451945984,0.06528186451945985,0.4000000000000057,6.5281864519459845
14.0,323.0,0.0,0.00598178538848532,0.0598178538848532,0.0,5.98178538848532
14.1,323.0,0.0,0.0058341021769443705,0.0583410217694437,0.0,5.834102176944371
14.2,323.0,0.0,0.005690065089353811,0.05690065089353811,0.0,5.690065089353811
14.3,323.0,0.0,0.005549584107222552,0.05549584107222552,0.0,5.549584107222552
14.399999999999999,323.0,0.0,0.005412571434509672,0.05412571434509672,0.0,5.412571434509672
14.5,323.0,0.0,0.005278941442754716,0.052789414427547164,0.0,5.278941442754716
14.6,323.0,0.0,0.005148610617562735,0.05148610617562735,0.0,5.148610617562735
14.7,323.0,0.0,0.005021497506410476,0.05021497506410476,0.0,5.021497506410475
14.8,323.0,0.0,0.004897522667741219,0.048975226677412186,0.0,4.897522667741219
14.899999999999999,323.0,0.0,0.004776608621316401,0.047766086213164013,0.0,4.776608621316401
15.0,323.0,0.0,0.004658679799792961,0.046586797997929606,0.0,4.658679799792961
15.1,323.0,0.0,0.004543662501496241,0.04543662501496241,0.0,4.54366250149624
15.2,323.0,0.0,0.004431484844358818,0.044314848443588184,0.0,4.431484844358819
15.3,323.0,0.0,0.004322076720996559,0.04322076720996559,0.0,4.3220767209965585
15.399999999999999,323.0,0.0,0.00421536975489379,0.0421536975489379,0.0,4.21536975489379
15.5,323.0,0.0,0.004111297257670189,0.04111297257670189,0.0,4.111297257670189
15.6,323.0,0.0,0.004009794187402739,0.04009794187402739,0.0,4.009794187402739
15.7,323.0,0.0,0.003910797107976621,0.03910797107976621,0.0,3.910797107976621
15.8,323.0,0.0,0.0038142441494397215,0.03814244149439722,0.0,3.8142441494397215
15.899999999999999,323.0,0.0,0.0037200749693359265,0.037200749693359264,0.0,3.7200749693359265
16.0,323.0,0.0,0.003628230714993034,0.03628230714993034,0.0,3.628230714993034
16.1,323.0,0.0,0.003538653986741776,0.03538653986741776,0.0,3.538653986741776
16.2,323.0,0.0,0.0034512888020428755,0.034512888020428754,0.0,3.4512888020428756
16.3,323.0,0.0,0.0033660805604997803,0.033660805604997804,0.0,3.36608056049978
16.4,323.0,0.0,0.003282976009735207,0.03282976009735207,0.0,3.282976009735207
16.5,323.0,0.0,0.0032019232121101213,0.032019232121101214,0.0,3.2019232121101213
16.6,323.0,0.0,0.00312287151226442,0.031228715122644198,0.0,3.1228715122644197
16.7,323.0,0.0,0.0030457715054589725,0.030457715054589725,0.0,3.0457715054589727
16.8,323.0,0.0,0.0029705750066992597,0.029705750066992595,0.0,2.9705750066992596
16.9,323.0,0.0,0.00289723502062134,0.028972350206213398,0.0,2.89723502062134
17.0,323.0,0.0,0.002825705712121254,0.02825705712121254,0.0,2.8257057121212537
17.1,323.0,0.0,0.002755942377709594,0.02755942377709594,0.0,2.755942377709594
17.2,323.0,0.0,0.002687901417573275,0.026879014175732747,0.0,2.6879014175732747
17.3,323.0,0.0,0.002621540308327058,0.026215403083270576,0.0,2.6215403083270576
17.4,323.0,0.0,0.0025568175764378383,0.025568175764378382,0.0,2.5568175764378385
17.5,323.0,0.0,0.0024936927723050195,0.024936927723050194,0.0,2.4936927723050193
17.6,323.0,0.0,0.0024321264449808427,0.02432126444980843,0.0,2.4321264449808426
17.7,323.0,0.0,0.0023720801175148238,0.023720801175148236,0.0,2.3720801175148236
17.8,323.0,0.0,0.0023135162629069044,0.023135162629069044,0.0,2.3135162629069046
17.9,323.0,0.0,0.002256398280654315,0.02256398280654315,0.0,2.2563982806543152
18.0,323.0,0.0,0.0022006904738774338,0.022006904738774338,0.0,2.2006904738774336
18.1,323.0,0.0,0.0021463580270104127,0.021463580270104126,0.0,2.146358027010413
18.2,323.0,0.0,0.002093366984042579,0.02093366984042579,0.0,2.093366984042579
18.3,323.0,0.0,0.002041684227297023,0.02041684227297023,0.0,2.041684227297023
18.4,323.0,0.0,0.001991277456733148,0.019912774567331478,0.0,1.991277456733148
18.5,323.0,0.0,0.001942115169760175,0.019421151697601752,0.0,1.942115169760175
18.6,323.0,0.0,0.0018941666415490666,0.018941666415490666,0.0,1.8941666415490666
18.7,323.0,0.0,0.001847401905830501,0.018474019058305008,0.0,1.847401905830501
18.8,323.0,0.0,0.001801791736166923,0.01801791736166923,0.0,1.8017917361669231
18.9,323.0,0.0,0.0017573076276869882,0.01757307627686988,0.0,1.7573076276869881
19.0,323.0,0.0,0.0017139217792709284,0.017139217792709285,0.0,1.7139217792709283
19.1,323.0,0.0,0.0016716070761757698,0.016716070761757698,0.0,1.6716070761757698
19.2,323.0,0.0,0.001630337073089497,0.01630337073089497,0.0,1.630337073089497
19.3,323.0,0.0,0.0015900859776035888,0.015900859776035888,0.0,1.5900859776035887
19.4,323.0,0.0,0.0015508286340936127,0.015508286340936126,0.0,1.5508286340936126
19.5,323.0,0.0,0.0015125405079977668,0.015125405079977668,0.0,1.5125405079977667
19.6,323.0,0.0,0.0014751976704835887,0.014751976704835888,0.0,1.4751976704835887
19.7,323.0,0.0,0.001438776783493207,0.01438776783493207,0.0,1.438776783493207
19.8,323.0,0.0,0.0014032550851578137,0.014032550851578137,0.0,1.4032550851578136
19.9,323.0,0.0,0.001368610375572245,0.013686103755722451,0.0,1.3686103755722452
20.0,323.0,0.0,0.0013348210029207534,0.013348210029207535,0.0,1.3348210029207535
